<?xml version="1.0" encoding="UTF-8"?>
<project-private xmlns="http://www.netbeans.org/ns/project-private/1">
    <editor-bookmarks xmlns="http://www.netbeans.org/ns/editor-bookmarks/2" lastBookmarkId="0"/>
    <open-files xmlns="http://www.netbeans.org/ns/projectui-open-files/2">
        <group>
            <file>file:/C:/Users/alvar/OneDrive/Documentos/NetBeansProjects/tienda_ropa/src/tienda_ropa/Cliente.java</file>
            <file>file:/C:/Users/alvar/OneDrive/Documentos/NetBeansProjects/tienda_ropa/src/tienda_ropa/ProveedorDeModa.java</file>
            <file>file:/C:/Users/alvar/OneDrive/Documentos/NetBeansProjects/tienda_ropa/src/tienda_ropa/Tienda_ropa.java</file>
            <file>file:/C:/Users/alvar/OneDrive/Documentos/NetBeansProjects/tienda_ropa/src/tienda_ropa/Ropa.java</file>
            <file>file:/C:/Users/alvar/OneDrive/Documentos/NetBeansProjects/tienda_ropa/src/tienda_ropa/SistemaGestionInventarios.java</file>
        </group>
    </open-files>
</project-private>
